<?xml version="1.0" encoding="UTF-8" standalone="yes"?>
<addon id="repository.fillgood" name="fillgood repository" version="1.2" provider-name="gumball">
    <extension point="xbmc.addon.repository" name="fillgood repository">
        <dir>
            <info compressed="false">https://raw.githubusercontent.com/gumball1/fillgood/master/repo/zips/addons.xml</info>
            <checksum>https://raw.githubusercontent.com/gumball1/fillgood/master/repo/zips/addons.xml.md5</checksum>
            <datadir zip="true">https://raw.githubusercontent.com/gumball1/fillgood/master/repo/zips/</datadir>
        </dir>
    </extension>
    <extension point="xbmc.addon.metadata">
        <summary>gumball1's Repository</summary>
        <description>A repository for maintained releases of addons</description>
        <disclaimer></disclaimer>
        <platform>all</platform>
        <assets>
            <icon>icon.png</icon>
            <fanart>fanart.jpg</fanart>
        </assets>
    </extension>
</addon>
